iter	Logloss
0	0.4842397816
1	0.3746069125
2	0.3062778426
3	0.2517774445
4	0.197268385
5	0.1760885484
6	0.1605914174
7	0.1445495709
8	0.1328481392
9	0.1220205006
